id,topic
005b840f-d9ec-4547-99ff-d4f0ecdfa474,"[""ほうきの食べ方・使い方"", ""ほうきの旬""]"
00e0d0f8-41f0-4b82-bec6-b120d4489877,"[""多肉植物の選び方"", ""多肉植物の食べ方・使い方""]"
01a8456d-8afd-4c52-838e-4c1bd2edebbd,"[""鎌の食べ方・使い方"", ""初めての人への買い方ガイド""]"
02545cc3-9772-4527-ba21-2192e070c4ac,"[""おにぎりの由来"", ""おにぎりの保存方法""]"
0268c642-6f61-44e1-b015-8425ed2a07b6,"[""革製品の産地の話"", ""革製品の選び方""]"
0336d39f-8ff9-4f66-9ca8-c76f3dce25b1,"[""しょうゆのおすすめアレンジ"", ""しょうゆの保存方法""]"
03a18977-074f-4e34-8c65-50ea1184d51d,"[""酢料理の作り方"", ""店主のこだわり""]"
04adb7fa-54c9-470f-9510-fc7ea0876f94,"[""レタスの保存方法"", ""レタスのおすすめアレンジ""]"
04f09e71-e686-46e4-9f0a-8cfcaf36a50a,"[""しょうゆの食べ方・使い方"", ""しょうゆのおすすめアレンジ""]"
058368d8-b41e-4730-bbaa-a5aa87fe7c42,"[""剪定鋏の産地の話"", ""剪定鋏の由来""]"
0613e198-bde9-4f40-b450-cd30f250a79e,"[""しょうゆに合う飲み物"", ""しょうゆのおすすめアレンジ""]"
0618dfd1-d402-498c-b54b-7eb1f3ca43d1,"[""パンに合う飲み物"", ""パンの旬""]"
09ff7456-fad6-4663-a228-d9b09feb42de,"[""アクセサリーの選び方"", ""初めての人への買い方ガイド""]"
0b942aa4-bf6a-4398-8098-e47f920cb56b,"[""スコップの選び方"", ""市場での朝の楽しみ方""]"
0ce5042e-06e6-4dec-a1e4-2d57ac89bf07,"[""弁当箱の選び方"", ""作り手の話""]"
0e50836b-a4e2-435f-993e-4878bcc741e4,"[""お餅の保存方法"", ""お餅のおすすめアレンジ""]"
0f106932-5307-4713-9fed-550bee64e8fd,"[""きゅうりの旬"", ""きゅうりの保存方法""]"
0f8d14c4-187a-4742-9ab2-cb003aa9829a,"[""イヤリングの産地の話"", ""なんでも""]"
0fecffd9-e586-4f59-86b5-821f6147ad68,"[""お菓子の選び方"", ""お菓子に合う調味料""]"
109217a2-8eaf-4cff-a1dd-8f413c2c5828,"[""お菓子に合う飲み物"", ""お菓子の旬""]"
11ede820-b8c1-4429-b9a4-f783f3155d89,"[""花の苗の選び方"", ""店主のこだわり""]"
11feba20-049b-4031-b0d7-838f47a19da7,"[""和紙のおすすめアレンジ"", ""和紙の選び方""]"
1224e5b6-5ce6-4549-b492-8ff115e764c9,"[""和紙の旬"", ""和紙に合う飲み物""]"
1249fcac-addb-4ca4-9a13-1a8f3fb16423,"[""観葉植物に合う調味料"", ""観葉植物料理の作り方""]"
132a6dd5-500f-4ab9-98a2-d9d974ad3196,"[""のこぎりに合う飲み物"", ""お土産に向くもの""]"
14a82f62-248a-4e2b-94b2-83a919af5919,"[""ぶどうのおすすめアレンジ"", ""作り手の話""]"
15872c57-6b30-4349-8667-4fa91332db7e,"[""ほうきの旬"", ""ほうき料理の作り方""]"
159943c3-2150-4977-9dfa-b8e9bcd5d5d2,"[""石鹸に合う調味料"", ""石鹸の由来""]"
1664547c-cd98-4f7d-b808-ce9062cd8039,"[""アイスクリーム料理の作り方"", ""季節のおすすめ""]"
178a10f3-4114-4f9e-9539-c303eb7438f1,"[""花の苗の産地の話"", ""花の苗のおすすめアレンジ""]"
186796a7-085f-4dc7-8678-8465bea3f796,"[""ブレスレットに合う調味料"", ""なんでも""]"
191a02e6-81a0-45e5-98ed-f46a3cbab32d,"[""竹製品の由来"", ""家での楽しみ方""]"
19302617-50ed-42f9-854b-e0e5e90f1274,"[""ぶどうに合う飲み物"", ""店主のこだわり""]"
19b74bd4-0521-48fc-a1bc-c5514ecae57f,"[""きゅうりの食べ方・使い方"", ""きゅうりの選び方""]"
1a9acb47-f4fb-41c7-af6d-8e248a832984,"[""きゅうりの由来"", ""道具のお手入れ""]"
1b4546ac-67f6-4691-aeba-da643a677f12,"[""観葉植物に合う飲み物"", ""簡単レシピ""]"
1be67a8e-feab-41e6-a995-ce04c29d46a4,"[""植木鉢の食べ方・使い方"", ""毎日の使い方の工夫""]"
1bfe2645-1152-44ec-8eb6-785c989487dc,"[""砥石に合う飲み物"", ""ギフトにしたい時のコツ""]"
1c68c975-2832-48f0-b9ef-06cb5ced38f3,"[""のこぎりの旬"", ""なんでも""]"
1d2f1945-5842-42e4-a754-8fe1224906ed,"[""アイスクリームに合う飲み物"", ""写真映えする使い方""]"
1ed4a3df-a9a5-4d66-8089-75ca641998e4,"[""お餅の旬"", ""お餅の食べ方・使い方""]"
2085a741-c5c1-41cd-a306-056fd8d7d7e5,"[""ハーブの保存方法"", ""ハーブの選び方""]"
227c0821-b846-4387-9948-2b126019a5bd,"[""砥石の食べ方・使い方"", ""砥石に合う飲み物""]"
230e2d1d-3a7c-40e9-b376-8578e63553ae,"[""酢に合う飲み物"", ""ギフトにしたい時のコツ""]"
2358e5ec-ca23-426c-8368-7d17dd4ed1b0,"[""植木鉢に合う調味料"", ""子どもが喜ぶポイント""]"
24aac85c-91c3-4786-8740-d7e0dc8ec117,"[""はさみの保存方法"", ""写真映えする使い方""]"
26639b46-ef20-45a0-aba9-7b65a12dd371,"[""アクセサリーのおすすめアレンジ"", ""なんでも""]"
27241168-d3c3-4e42-b3e3-d8e03c20eb04,"[""ネックレスの選び方"", ""作り手の話""]"
2a8874e8-677e-4514-86e6-6b235921d89d,"[""鎌の旬"", ""鎌の産地の話""]"
2c96fcef-143c-4f83-8d48-ed7ab239b4ef,"[""肥料の食べ方・使い方"", ""肥料料理の作り方""]"
2ca2b32b-421f-4df3-a45b-a74275793502,"[""彫刻刀の由来"", ""保存瓶や道具の選び方""]"
2ec76d18-bcd7-4d7c-a244-61cac567333e,"[""はさみの産地の話"", ""はさみの食べ方・使い方""]"
2faf6786-2c8c-4c9c-9615-281062d1e66d,"[""かんざしの選び方"", ""かんざしの由来""]"
30eb5868-10eb-4e77-b691-5c42d42265f2,"[""お箸の食べ方・使い方"", ""道具のお手入れ""]"
33a43bea-27fd-486d-a88e-a8c2ffb453dc,"[""ぶどうに合う調味料"", ""ぶどう料理の作り方""]"
342e788c-5b0e-4ef1-ae25-348708b52a8c,"[""焼き芋の産地の話"", ""焼き芋に合う調味料""]"
34dca875-801b-4ff9-ba69-1531e3337426,"[""おはぎの選び方"", ""おはぎに合う調味料""]"
35f06394-58be-4054-8fbd-ac9933a7698c,"[""お弁当のおすすめアレンジ"", ""お弁当の由来""]"
36424aa6-7f63-4a1c-a487-45eaa9bed901,"[""布巾の由来"", ""布巾のおすすめアレンジ""]"
364546b3-9b8f-4751-9c3a-af578fc66959,"[""植木鉢の選び方"", ""植木鉢の産地の話""]"
36504276-9288-4d26-a0f9-33164d945351,"[""ハーブ料理の作り方"", ""ハーブの旬""]"
36fdb10f-8262-4401-8fd6-be555fb310a5,"[""たこ焼きの選び方"", ""市場での朝の楽しみ方""]"
379f5029-3b54-4eba-8d24-7f7da57c14cc,"[""肥料に合う調味料"", ""なんでも""]"
38032c14-f8d7-46e3-a37d-dde57e37d599,"[""かごの食べ方・使い方"", ""かごの産地の話""]"
381b6a89-c85c-4a35-a5fb-af5cbf7c105e,"[""ブレスレットの食べ方・使い方"", ""保存瓶や道具の選び方""]"
38af6ac7-eefc-4405-835a-1825faaf79b5,"[""木工品料理の作り方"", ""木工品に合う飲み物""]"
39fdba25-d94d-4804-b74e-44a39656c12d,"[""編み物のおすすめアレンジ"", ""子どもが喜ぶポイント""]"
3ab711fd-8c13-4c92-9b79-aace847447b1,"[""かごのおすすめアレンジ"", ""かごに合う調味料""]"
3b98717a-06d2-4cda-8153-7db415221eec,"[""剪定鋏に合う調味料"", ""剪定鋏の産地の話""]"
3c325270-2296-4a77-9f1a-6845e0bcd5d3,"[""レタス料理の作り方"", ""レタスの保存方法""]"
3c9c6a6e-76ad-4135-939e-a44b5d0d47bf,"[""トマト苗の産地の話"", ""初めての人への買い方ガイド""]"
3f295d2e-b683-4c69-8dc5-7de40b2da872,"[""指輪の旬"", ""指輪に合う飲み物""]"
403b626a-6ac7-47b8-abe1-26338bf71632,"[""しょうゆに合う飲み物"", ""しょうゆの産地の話""]"
407fca33-537d-4937-b019-f78349296ee2,"[""ブレスレット料理の作り方"", ""ブレスレットの食べ方・使い方""]"
4099dfd2-6a27-412e-a316-67cc8bf86c4d,"[""多肉植物のおすすめアレンジ"", ""多肉植物の選び方""]"
4148435a-13cd-47c0-b0e3-edf275ba8ab7,"[""多肉植物の産地の話"", ""多肉植物の食べ方・使い方""]"
4176c53a-5f52-4695-8198-824ebaff7ba9,"[""ざるの産地の話"", ""店主のこだわり""]"
42d3fc5d-80f6-4910-b589-76c9014efc79,"[""おにぎりの保存方法"", ""おにぎりのおすすめアレンジ""]"
432e5687-1830-43eb-8f41-ce42b20ce361,"[""陶器の保存方法"", ""陶器の旬""]"
43eecc0d-0286-452d-aeab-81ae1735e61f,"[""いも天の旬"", ""市場での朝の楽しみ方""]"
443a26c4-9bab-4fba-bb35-37c4645c8713,"[""お箸の由来"", ""お箸料理の作り方""]"
44df338a-7342-4644-a3a8-21ad8ac050ad,"[""かんざしに合う飲み物"", ""かんざしの保存方法""]"
45760ae7-a22d-4732-a5d9-be262834bc13,"[""植木鉢の旬"", ""保存瓶や道具の選び方""]"
45dbb238-9e1e-49ed-8725-a7b73da4ce0b,"[""食器の旬"", ""食器に合う飲み物""]"
4714ff9d-9f1f-46df-bd08-9fa695daf966,"[""包丁の保存方法"", ""簡単レシピ""]"
47df5de8-6d99-4ffa-bf49-865843f8abe3,"[""ざるの由来"", ""なんでも""]"
488b7fed-759b-4003-82c5-0d293d8b416c,"[""鎌の保存方法"", ""家での楽しみ方""]"
493527cb-7e7e-46a1-b0d9-045eef5e14c1,"[""弁当箱料理の作り方"", ""弁当箱の食べ方・使い方""]"
4dd0a77e-a044-4b14-a6f7-e52ff4ef33f6,"[""酢料理の作り方"", ""酢の保存方法""]"
4e3e02a7-a491-40c5-b296-6c0b1a08445f,"[""木工品の選び方"", ""道具のお手入れ""]"
50363b63-e93c-4c6b-9c2c-ce6f1bc1ce81,"[""苗木に合う飲み物"", ""苗木の由来""]"
505074cf-daed-47b5-b3f6-918d82ec9b72,"[""竹細工のおすすめアレンジ"", ""初めての人への買い方ガイド""]"
50516b69-25ac-4499-8a1d-4cfd4bb533c0,"[""のこぎりの由来"", ""のこぎりの選び方""]"
520e460e-1fb5-4972-911e-bda8844d9bad,"[""みかん料理の作り方"", ""なんでも""]"
52d609c1-eec2-4727-82b1-d8d831429bf4,"[""ネックレスのおすすめアレンジ"", ""家での楽しみ方""]"
54ac50c5-a9d0-47d1-99ec-8adb7f8cd630,"[""団子の食べ方・使い方"", ""ギフトにしたい時のコツ""]"
54e9156a-ce88-4ed3-b04e-ec581a3cf9d2,"[""ドライバーに合う飲み物"", ""ドライバーの旬""]"
552bf92b-3dae-4e2f-834e-73ce4e13eb12,"[""ナイフに合う飲み物"", ""ナイフ料理の作り方""]"
55bcab1f-5932-4376-a8de-9b6b5b4323e0,"[""ハーブの保存方法"", ""ハーブの由来""]"
56e5fa4a-ed95-4c50-9854-d8cf2bda7a66,"[""刺繍の選び方"", ""家での楽しみ方""]"
5817f26e-3be4-470a-bba7-6b1822e4ed18,"[""イヤリングの旬"", ""季節のおすすめ""]"
587ec0d0-58a8-473c-ab8b-71ad9dcb8261,"[""焼き芋の産地の話"", ""保存瓶や道具の選び方""]"
597e27d7-f46e-4355-9bab-420b03b92c4e,"[""陶器料理の作り方"", ""子どもが喜ぶポイント""]"
5985c2e2-c489-49bf-8e1b-6494a60392a5,"[""ガラス細工のおすすめアレンジ"", ""ガラス細工の旬""]"
5a370534-5a87-4217-869d-a11cae9260e6,"[""染物の選び方"", ""染物の食べ方・使い方""]"
5a7a5ae7-a615-48ed-a93c-fc1a9c1255f3,"[""木工品の由来"", ""保存瓶や道具の選び方""]"
5ada38d3-adaf-492d-9041-bfb15d58ff9b,"[""砥石の選び方"", ""人気の商品ランキング""]"
5afc6da0-66af-48cf-b29f-921284d01856,"[""みかんの旬"", ""みかんの選び方""]"
5bf2d4ed-aa84-4607-aa10-8764a2def0e2,"[""苗木の由来"", ""作り手の話""]"
5c2a555a-9862-46df-ba21-a0396a067e43,"[""アクセサリーの旬"", ""アクセサリーの食べ方・使い方""]"
5cfc6755-6c0d-4c42-a01f-a598855c4014,"[""絵画の旬"", ""作り手の話""]"
5d6453b7-3ed3-48ec-bace-b140dc7251c2,"[""トマト苗に合う飲み物"", ""トマト苗の由来""]"
5d8904ec-0cca-4336-8cfa-422c69b56d32,"[""ヘアピンの保存方法"", ""ヘアピンの旬""]"
5df8fb58-7d70-4620-b0a1-0dd8485308ad,"[""きゅうりの食べ方・使い方"", ""仕入れのこだわり""]"
5e095919-59d1-4a74-a921-686e8fa64cae,"[""包丁の旬"", ""包丁の産地の話""]"
5fece1fb-ed36-4cff-a845-b1347e15f9f8,"[""酢のおすすめアレンジ"", ""朝ごはんに合う組み合わせ""]"
6145a0f1-349c-4ae5-8f96-26d9e1200036,"[""タオルの保存方法"", ""タオルに合う調味料""]"
61744384-075f-4c71-a1b2-35527a550bc6,"[""木工品に合う飲み物"", ""なんでも""]"
621b0864-ebb3-4eac-8e06-63bcde4da5a7,"[""ブローチの選び方"", ""ブローチの食べ方・使い方""]"
62b5bdc9-fda0-47fa-aa42-3de06fe31319,"[""多肉植物の産地の話"", ""多肉植物の食べ方・使い方""]"
631a4b9c-c96e-4b49-bbbe-4a9acee3467e,"[""ガラス細工に合う飲み物"", ""ガラス細工のおすすめアレンジ""]"
63da478c-1a12-4d46-9e53-a6df1b911760,"[""お弁当のおすすめアレンジ"", ""なんでも""]"
64a03a8b-a085-4930-82a8-a6a85149dae7,"[""チャーム料理の作り方"", ""チャームに合う調味料""]"
664a1927-a530-4a8e-a7e7-fb28fa25c6c6,"[""ぶどうの産地の話"", ""作り手の話""]"
68221c1b-b87c-41cb-a5fb-a9d9847084f2,"[""肥料に合う飲み物"", ""毎日の使い方の工夫""]"
6878ce97-dcc9-4793-bc06-95aef2418b44,"[""種の保存方法"", ""種のおすすめアレンジ""]"
687dc276-6d98-4b33-990f-ef7b02a51681,"[""指輪に合う調味料"", ""指輪の選び方""]"
6a0c60fa-cf43-413e-9291-8746c97167c8,"[""みかんに合う調味料"", ""子どもが喜ぶポイント""]"
6a7381b0-1eac-4423-a738-de4389d32952,"[""ドライバーの食べ方・使い方"", ""ドライバーのおすすめアレンジ""]"
6d07fd00-0253-4c84-9fee-ef0f3cbd69e5,"[""おにぎりの選び方"", ""保存瓶や道具の選び方""]"
6d0a9a0e-333a-45b2-b329-c961628f8108,"[""おはぎの選び方"", ""おはぎの由来""]"
6e15ba4d-85fc-4cb6-a3a4-b71d861145fe,"[""絵画に合う調味料"", ""市場での朝の楽しみ方""]"
70383cf0-f0a6-46ac-ba3d-a00035d03eec,"[""布巾に合う調味料"", ""布巾の選び方""]"
70b42acf-1813-4b4f-92d0-fb73622493c3,"[""タオルに合う調味料"", ""タオル料理の作り方""]"
70ed8012-9837-4880-8296-cc86251f4db2,"[""球根の食べ方・使い方"", ""保存瓶や道具の選び方""]"
7140e21a-597d-43a0-b938-e8b7c17161e6,"[""のこぎり料理の作り方"", ""簡単レシピ""]"
71d3f3d1-8fcc-4ac2-a2a0-fbb7b5c9aed1,"[""おはぎに合う調味料"", ""おはぎの選び方""]"
727d3ce4-92c0-4e31-9fb3-586d04c34ff1,"[""ピアスに合う調味料"", ""ピアスに合う飲み物""]"
72da24a9-6758-4e34-8306-950d01cc6da3,"[""石鹸に合う飲み物"", ""人気の商品ランキング""]"
77bb0e24-b29e-4683-8602-ffda1c2394af,"[""タオルの産地の話"", ""簡単レシピ""]"
78571fa0-72fd-4a0e-bbc3-73fa846489fd,"[""砥石のおすすめアレンジ"", ""なんでも""]"
78cb7d20-2403-4079-9919-0125fe7afd18,"[""革製品に合う調味料"", ""初めて買う人におすすめ""]"
78dbe7a0-b68d-4f23-a343-b72179a430a6,"[""お箸に合う調味料"", ""お箸の選び方""]"
7a17eb61-2a92-468d-9248-9866a1cc0758,"[""しょうゆに合う飲み物"", ""しょうゆの選び方""]"
7c7eec91-4198-43c4-8c72-75618c2773b2,"[""ネックレスに合う調味料"", ""ネックレスの保存方法""]"
7d237e6a-c169-4442-9212-aa7b96d45639,"[""たこ焼きの保存方法"", ""たこ焼きの産地の話""]"
7f90c128-c2ce-46cb-82e2-fb5945b182c7,"[""種料理の作り方"", ""種に合う調味料""]"
801896e0-43e0-4f76-8086-6dcdda2439eb,"[""ざるの選び方"", ""ざるに合う調味料""]"
809fcb12-2947-43bf-92b9-c2e911a48114,"[""花の苗に合う飲み物"", ""花の苗の由来""]"
80b739ed-7bb9-4b12-8428-4e78df742db3,"[""苗木のおすすめアレンジ"", ""苗木の由来""]"
80d53146-8287-43d8-9d5c-7cb2767ad941,"[""包丁のおすすめアレンジ"", ""包丁の旬""]"
80eefe85-5577-40ec-b70e-afcc8d856935,"[""きゅうりのおすすめアレンジ"", ""季節のおすすめ""]"
821210c3-603a-41c0-bc7a-5b4d09670bf1,"[""絵画に合う飲み物"", ""なんでも""]"
82bf9735-3ec2-4819-aefb-5e3ddf5e48d7,"[""ざるの産地の話"", ""初めて買う人におすすめ""]"
83406d57-3a8b-410f-9b64-9de8490e8c22,"[""トマト苗の選び方"", ""トマト苗に合う飲み物""]"
834a19ef-68e1-45b4-8cca-e304aa1d5478,"[""剪定鋏のおすすめアレンジ"", ""剪定鋏に合う調味料""]"
83f0f6de-7864-4b4d-9b40-68d46e807ceb,"[""ブローチに合う調味料"", ""写真映えする使い方""]"
87818f9a-548d-474a-b5a1-2f672b6b5e70,"[""スコップに合う飲み物"", ""スコップのおすすめアレンジ""]"
88a4314c-599b-4920-99b0-52c0091a28d4,"[""みかんの産地の話"", ""市場での朝の楽しみ方""]"
89f281a3-1384-45a0-9546-6bdc05a196ac,"[""指輪のおすすめアレンジ"", ""指輪に合う飲み物""]"
8a9af8b0-35bc-4343-9a9c-2f5a3b99a1e0,"[""お菓子の由来"", ""お菓子のおすすめアレンジ""]"
8aa907cb-995d-4e7e-8f3a-38472ebd7a85,"[""ほうきに合う調味料"", ""ほうきのおすすめアレンジ""]"
8ba76f2a-9f3d-4877-ab41-85021a2be807,"[""刺繍のおすすめアレンジ"", ""刺繍の食べ方・使い方""]"
8c55bf35-c557-4431-8277-9807d7a722b5,"[""アイスクリームの由来"", ""初めての人への買い方ガイド""]"
8d655234-cc82-472b-b91c-ad7759e7936d,"[""いも天の旬"", ""いも天の食べ方・使い方""]"
90757583-c94c-48df-a184-23ef6708067f,"[""ガラス細工の由来"", ""朝ごはんに合う組み合わせ""]"
9174172f-d524-441e-8b1c-85b50f958d7c,"[""陶器の由来"", ""保存瓶や道具の選び方""]"
92114ef1-0d0d-4255-9500-cd7bba2af500,"[""ブローチ料理の作り方"", ""ブローチの食べ方・使い方""]"
92b74fbc-a640-4c0f-85dd-f9c8dc4407e2,"[""ヘアピンの選び方"", ""ヘアピンの旬""]"
93d44331-b085-45de-8a3e-ad798370dbec,"[""いも天料理の作り方"", ""家での楽しみ方""]"
94eac61f-27af-4b09-a440-77ce2482219f,"[""パン料理の作り方"", ""家での楽しみ方""]"
952f5666-6bac-4a0a-b0c9-ce00d1fd85a0,"[""たこ焼きの産地の話"", ""たこ焼きの保存方法""]"
954b8493-5fba-477c-b9c5-68d52c80f7d4,"[""竹製品のおすすめアレンジ"", ""竹製品の選び方""]"
961bd548-edb5-4ff4-adbd-5fb35977eb7d,"[""布巾の産地の話"", ""保存瓶や道具の選び方""]"
96666f58-7a20-4064-927e-14f6dab5f704,"[""布巾の食べ方・使い方"", ""毎日の使い方の工夫""]"
9852d5ac-dc72-402c-b193-a69d1420acaa,"[""ヘアピンの産地の話"", ""お土産に向くもの""]"
98dc6d88-f2d0-4632-89c2-6311ca7f8d4f,"[""ドライバーの由来"", ""ドライバーに合う調味料""]"
99b77873-5911-42c4-808d-bb8d3ce5c186,"[""はさみの食べ方・使い方"", ""店主のこだわり""]"
9b3c27d0-7175-4f6c-acd8-f30f60435d38,"[""ブローチの由来"", ""初めて買う人におすすめ""]"
9b9d4f16-a013-4a5f-8ee5-b697d2a17256,"[""ナイフの食べ方・使い方"", ""ナイフのおすすめアレンジ""]"
9bc84c79-085d-4c27-9e37-561b653d9a8a,"[""球根料理の作り方"", ""球根の産地の話""]"
9c1f0e4b-fa14-4b20-994c-2a4d50f56636,"[""しょうゆの産地の話"", ""なんでも""]"
9c41e649-ce34-437b-bdd6-7ea8994d52ef,"[""ほうきに合う調味料"", ""ほうきの保存方法""]"
9c49fcf4-6cc1-4b2d-b28f-8d12152f6207,"[""花の苗の選び方"", ""市場での朝の楽しみ方""]"
9c76b5cc-22ad-4c8d-83e5-095feb9fa96b,"[""竹細工の保存方法"", ""保存瓶や道具の選び方""]"
9c9e7916-6833-416f-a3e7-4f09ea1a84cc,"[""みかんに合う調味料"", ""作り手の話""]"
9d2a554b-87d5-4f0e-b06b-1db87751c8ef,"[""お餅の旬"", ""お餅のおすすめアレンジ""]"
9d8ff50c-b529-47cd-81e5-589a4f033886,"[""包丁に合う調味料"", ""包丁の保存方法""]"
9dccfd72-872d-49ee-98d3-be6fe1390b8f,"[""木工品の保存方法"", ""道具のお手入れ""]"
9e83ea58-99b5-4111-9095-e4f56e8521bf,"[""竹細工に合う飲み物"", ""竹細工の選び方""]"
a066b212-0fac-4a50-adb8-26fdd80eebc3,"[""編み物の選び方"", ""初めて買う人におすすめ""]"
a1c62087-132e-4499-ab35-6dc32584ee7e,"[""包丁に合う飲み物"", ""初めて買う人におすすめ""]"
a37fac34-c04f-44de-95dc-656f348c380d,"[""イヤリングに合う調味料"", ""イヤリングの由来""]"
a3a52713-8e5f-4d67-9bca-a1434f278830,"[""食器の保存方法"", ""食器の選び方""]"
a48d3d42-8360-4901-a630-50c98f3180ce,"[""ハーブの産地の話"", ""ハーブに合う飲み物""]"
a5737059-91d5-4f2d-94ef-bf0ef32ef538,"[""ナイフの旬"", ""ナイフの産地の話""]"
a586e43d-9f06-4186-a7eb-780a271bb6d3,"[""ほうきの旬"", ""道具のお手入れ""]"
a6aae6e9-f259-49a4-a669-26da150535ff,"[""編み物の保存方法"", ""編み物の食べ方・使い方""]"
a73c4d34-47c0-4294-bd30-237569027e7f,"[""お菓子の旬"", ""お菓子の産地の話""]"
a8289ae0-e9da-44ab-90a9-4c10798391d1,"[""剪定鋏の選び方"", ""剪定鋏に合う飲み物""]"
a83b1093-40c3-4189-905e-8d4ef5f65eb0,"[""ドライバーの産地の話"", ""簡単レシピ""]"
a9c2a457-786a-41e4-aaf9-2f908e1644db,"[""パンの産地の話"", ""パンの食べ方・使い方""]"
a9ecf7fe-5a99-4fe4-9173-9b08ebfad4df,"[""レタスの保存方法"", ""レタス料理の作り方""]"
aac576d2-5e30-4560-b188-27ef45da0e57,"[""アイスクリームの由来"", ""ギフトにしたい時のコツ""]"
aafbf033-32a0-4cc5-980b-59375d718f71,"[""パンの保存方法"", ""パンの由来""]"
abbe38a0-a8a0-49fa-9508-4537a6727359,"[""弁当箱の保存方法"", ""ギフトにしたい時のコツ""]"
ac23a35e-a527-48e2-96fa-fcd49bf5c76b,"[""しょうゆに合う調味料"", ""しょうゆの由来""]"
ade94617-ea69-4a4c-9b48-102029f946f5,"[""きゅうりの保存方法"", ""きゅうりに合う飲み物""]"
b02b81ca-b127-4070-9b92-2f5c6befb5b8,"[""肥料料理の作り方"", ""道具のお手入れ""]"
b072a532-3528-4f2e-a7b5-d5b9cc14576f,"[""球根に合う調味料"", ""球根の食べ方・使い方""]"
b20021b5-94ab-43b7-a3cc-2497f3290c76,"[""たこ焼きに合う調味料"", ""たこ焼きの由来""]"
b21cdcb0-4ee1-49c4-820d-586b56828fe3,"[""竹製品料理の作り方"", ""毎日の使い方の工夫""]"
b2b93ea5-8fca-46a6-b8f1-fa16069f2be7,"[""彫刻刀の食べ方・使い方"", ""家での楽しみ方""]"
b32fd7db-b569-402d-aa57-3f80cf5a97af,"[""レタスに合う飲み物"", ""写真映えする使い方""]"
b43fbdce-a8e6-45af-8158-c41e90e5fb55,"[""石鹸の産地の話"", ""保存瓶や道具の選び方""]"
b4bb5626-ef4c-4e17-ac89-fb411d3e5dad,"[""包丁に合う飲み物"", ""包丁に合う調味料""]"
b612d31d-a5fb-4060-9aaa-7af66cdf058d,"[""木工品の産地の話"", ""毎日の使い方の工夫""]"
b7202443-b7eb-400f-9731-5c34c37b3e8a,"[""レタスの産地の話"", ""写真映えする使い方""]"
b73c3aea-bcfd-489d-8908-3562d274322f,"[""ピアスの食べ方・使い方"", ""朝ごはんに合う組み合わせ""]"
b8248f20-8c02-44ba-bd89-429139b792b6,"[""みかんの選び方"", ""みかんの食べ方・使い方""]"
ba046261-df74-43e2-88bd-62072dcbd580,"[""球根の選び方"", ""球根の食べ方・使い方""]"
ba16f8ef-7058-4469-b0b6-f166a1b004b4,"[""タオルの由来"", ""タオルに合う飲み物""]"
ba538801-adcb-41d6-bbf9-b7d3c4e5fcd6,"[""ぶどうの由来"", ""ぶどうの旬""]"
bbb251fa-7784-4e97-b4d6-1b7f542e3440,"[""かごの食べ方・使い方"", ""道具のお手入れ""]"
bfd73ea3-b406-4998-a584-31b5bc88261b,"[""お弁当の産地の話"", ""朝ごはんに合う組み合わせ""]"
c02d851f-3ef0-4910-9c31-9bfe8ff1c1be,"[""ほうきのおすすめアレンジ"", ""ほうきの選び方""]"
c0963cc8-d375-4933-b485-917f416e63af,"[""ピアスの保存方法"", ""市場での朝の楽しみ方""]"
c184cc5b-a9a8-44ec-bf26-a2eaa44504ce,"[""編み物の由来"", ""編み物の旬""]"
c27a74b1-4adf-47a4-93bb-0149f63ec4ff,"[""ヘアピンの産地の話"", ""人気の商品ランキング""]"
c3706111-c014-43de-9740-9215f6ccdf4d,"[""はさみの食べ方・使い方"", ""はさみの旬""]"
c38d65ef-f47f-4945-926b-6399b5d1dd12,"[""ぶどうの保存方法"", ""初めて買う人におすすめ""]"
c3d6eb24-b221-489e-ab6e-239eb9c0731b,"[""団子に合う調味料"", ""団子の由来""]"
c3f75b4a-baa8-4081-b2b6-b0e8327d9fc7,"[""種の旬"", ""おすすめの観光地""]"
c509c8bd-5169-4369-94cd-495b7ceaf507,"[""食器の食べ方・使い方"", ""食器の由来""]"
c60f6d9b-2c56-4764-86c4-171e56c25f08,"[""染物の産地の話"", ""染物料理の作り方""]"
c64ebdc2-eec2-4985-9b41-c58c50496946,"[""おにぎりに合う飲み物"", ""道具のお手入れ""]"
c65f2d11-7b75-421d-aed4-6ffed3187d54,"[""指輪料理の作り方"", ""季節のおすすめ""]"
c789835f-19fa-421b-b637-909631bcff41,"[""ぶどうに合う調味料"", ""初めて買う人におすすめ""]"
c799aee5-840c-4d09-b8aa-97972dbb025f,"[""みかんの旬"", ""みかんのおすすめアレンジ""]"
c8555258-1bd8-44af-84a7-2e6199eb7f58,"[""和紙料理の作り方"", ""和紙に合う飲み物""]"
c85592b1-e367-4e2a-8215-57030949be7d,"[""ネックレスのおすすめアレンジ"", ""なんでも""]"
c89bd1e9-4196-4272-b65d-c625cc15f9f9,"[""チャームの由来"", ""チャームのおすすめアレンジ""]"
c8a8e7fb-7035-4e35-9ed0-0ba963b6e2d8,"[""鎌の旬"", ""鎌に合う調味料""]"
c936c7b4-46f5-44f7-a4b3-62266744c8ce,"[""スコップの由来"", ""なんでも""]"
cbdb7e97-8dc6-4712-b8f4-f4b7ffdb2913,"[""トマト苗に合う調味料"", ""トマト苗の選び方""]"
cc47ee4a-7faf-4870-8cee-226e97490d40,"[""竹製品の旬"", ""初めて買う人におすすめ""]"
cc7ab816-0004-48db-9224-b0465dfacc03,"[""チャームに合う調味料"", ""朝ごはんに合う組み合わせ""]"
cde9830f-2401-4943-9f49-884716d499db,"[""レタスの保存方法"", ""毎日の使い方の工夫""]"
cf17ad7e-36e1-4cab-8ace-4c736d2513b6,"[""和紙に合う調味料"", ""初めて買う人におすすめ""]"
cfac5762-a4b0-4775-832b-0bc94272f460,"[""苗木の食べ方・使い方"", ""苗木の保存方法""]"
d1b7de85-ad82-4fc5-af11-98b037563e73,"[""彫刻刀の保存方法"", ""なんでも""]"
d3376513-6250-483c-b9a9-36267ce2b6bf,"[""お餅のおすすめアレンジ"", ""お餅の食べ方・使い方""]"
d39191bd-dcef-4b60-ad31-4aef074bbff2,"[""剪定鋏の食べ方・使い方"", ""ギフトにしたい時のコツ""]"
d4a41506-6537-4c7a-b096-7974f45c68db,"[""食器に合う調味料"", ""毎日の使い方の工夫""]"
d61663f3-3cbd-4791-917e-6ff78bfa4d56,"[""観葉植物に合う飲み物"", ""季節のおすすめ""]"
d6cb9936-c9e8-4c2c-a4b3-fc442f24ac6d,"[""革製品に合う調味料"", ""保存瓶や道具の選び方""]"
d8465a3b-4707-4746-a3ca-68b4ea7106dd,"[""彫刻刀に合う調味料"", ""作り手の話""]"
da1d660f-8faa-4dbf-8e7e-99e27d92b2c8,"[""観葉植物の選び方"", ""簡単レシピ""]"
dccb19d7-68bf-4110-bcd4-95d94a0387ee,"[""きゅうり料理の作り方"", ""道具のお手入れ""]"
dd43a455-e595-43ce-8dfa-a9734e77dfe3,"[""絵画のおすすめアレンジ"", ""絵画の産地の話""]"
e027e0ec-d83c-4a41-92a5-10ad29eaedcb,"[""お弁当の由来"", ""お弁当の旬""]"
e0378832-35f5-470e-8c24-d9e750aa5bb1,"[""アクセサリーの産地の話"", ""初めて買う人におすすめ""]"
e066efb7-9282-4f2c-bf2d-bd286dc14556,"[""ぶどう料理の作り方"", ""ぶどうに合う飲み物""]"
e0ad4467-2e7c-46af-b2b0-8e90457dc26f,"[""焼き芋の旬"", ""なんでも""]"
e0ebd811-63c0-44d3-9c3b-ab7015f0cf6d,"[""ピアスのおすすめアレンジ"", ""ピアスの旬""]"
e29021e5-6d2e-4566-a210-0d43331cfbd4,"[""みかんの選び方"", ""保存瓶や道具の選び方""]"
e4740bfd-cf6a-41b0-a7c9-865688646afe,"[""酢のおすすめアレンジ"", ""酢に合う飲み物""]"
e5030aa0-652e-44a9-99cf-2f1c492f0afd,"[""酢のおすすめアレンジ"", ""ギフトにしたい時のコツ""]"
e65b6477-57c1-4869-ba5a-afffc64eb5fd,"[""ブレスレットに合う調味料"", ""ギフトにしたい時のコツ""]"
e68cfd56-4d23-4880-a773-c7ab2fd5c73f,"[""種に合う飲み物"", ""店主のこだわり""]"
e6fc6b77-2535-42d4-935d-39ac26ed560d,"[""チャームの食べ方・使い方"", ""人気の商品ランキング""]"
e730d073-6556-43f9-804d-4d103cac122b,"[""染物の食べ方・使い方"", ""人気の商品ランキング""]"
e794c4f6-2f71-492b-8e06-e607edebb817,"[""石鹸の由来"", ""季節のおすすめ""]"
e8d192b4-3604-494d-a918-02718ef0ccd9,"[""染物料理の作り方"", ""染物の旬""]"
e94bc8fc-4b41-4095-be8c-38dead4314db,"[""かごの産地の話"", ""市場での朝の楽しみ方""]"
eb65d65b-345a-4aac-ae0e-1c13b94996bc,"[""竹細工の旬"", ""なんでも""]"
ec8e8695-e3dd-4812-8539-d7e5364eebc6,"[""陶器のおすすめアレンジ"", ""初めて買う人におすすめ""]"
edb674c1-1485-46dc-a871-a4e3c948967f,"[""しょうゆに合う飲み物"", ""しょうゆの食べ方・使い方""]"
ee72eaca-2d18-4638-a25d-317e55d68530,"[""いも天の保存方法"", ""市場での朝の楽しみ方""]"
eeecddf0-0683-4bfd-8a81-4e222793784e,"[""おはぎのおすすめアレンジ"", ""家での楽しみ方""]"
eefb872e-ed3e-4bdd-984b-c3ffd635e6fd,"[""きゅうりに合う調味料"", ""きゅうりの保存方法""]"
efcc9e59-62e9-48a5-b95c-4372aadc353a,"[""革製品の由来"", ""革製品の食べ方・使い方""]"
f29d7961-36a0-4e2a-92f3-feb887e1dd3a,"[""苗木の旬"", ""苗木料理の作り方""]"
f3183bfe-c60f-4374-9899-7dff2a35c41b,"[""弁当箱に合う飲み物"", ""弁当箱料理の作り方""]"
f3ccb310-72be-48f5-87e5-284a8387e13e,"[""刺繍料理の作り方"", ""刺繍に合う調味料""]"
f4d57496-dfda-4ef0-bba9-962569979f8d,"[""お箸の選び方"", ""お箸料理の作り方""]"
f4dabf1d-9e20-44a6-8ab2-383993dae286,"[""団子に合う調味料"", ""人気の商品ランキング""]"
f5874409-4f58-4994-bd82-9d3bdc5d68bb,"[""かんざしの保存方法"", ""人気の商品ランキング""]"
f5c43214-b87a-45f0-a382-0f698e4fb000,"[""イヤリングの保存方法"", ""子どもが喜ぶポイント""]"
f69549e8-7bb5-462e-bead-8b67e9e20d9e,"[""刺繍の食べ方・使い方"", ""刺繍のおすすめアレンジ""]"
f6bcbc8f-c201-47b9-b3ac-75c204372c30,"[""スコップの保存方法"", ""季節のおすすめ""]"
f7dcb141-58fe-42cb-8c37-2c949673cdc5,"[""ナイフの保存方法"", ""ナイフの旬""]"
f8a677a1-b2c2-44dd-9d82-ee00910cbedd,"[""苗木のおすすめアレンジ"", ""家での楽しみ方""]"
fa6edeb4-d294-4472-ac90-252ed5df7a82,"[""かんざしの選び方"", ""かんざしのおすすめアレンジ""]"
fa96bbe2-74c6-4a32-89ee-321cd17eba78,"[""イヤリングの保存方法"", ""毎日の使い方の工夫""]"
fb90c7fe-525e-4d88-8c1d-d6eccff7fc8f,"[""ガラス細工の由来"", ""作り手の話""]"
fd787c1f-366c-45cf-a481-8b95c32ac3f9,"[""イヤリングの保存方法"", ""イヤリングの由来""]"
feed81cb-50dc-491e-ad8f-fa057d24bb21,"[""剪定鋏に合う調味料"", ""毎日の使い方の工夫""]"
ff12f2b2-7828-47f3-86a5-f8c060531e99,"[""焼き芋の選び方"", ""仕入れのこだわり""]"
ff644eba-5f6f-4fae-9a98-17fb80e2bb66,"[""団子の選び方"", ""写真映えする使い方""]"
