"legacy_id","shop_strength"
"144","この辺でタオル言うたらここやき。ひとつあると安心やき。 気になったら声かけてよ。 見たら思わず手が伸びるがよ。"
"288","多肉植物の庭の種は評判やきね。仕上げがきれいに出ちゅう。 こりゃおすすめやき。 ここは外さんと損やき。"
"94","えいのこぎりが揃うちゅう。こだわりが見える品やき。 ついでに寄ってみいや。"
"187","お弁当はここがいちばんやき。実物見ると印象変わるき。 見たら分かるき。"
"28","この辺で刺繍言うたらここやき。使うたら分かるがよ。 ついでに寄ってみいや。 見たら思わず手が伸びるがよ。"
"256","あら、ここのお店、最近行ってないねぇ。今日は何が出ちゅうか、ちょっと見てきてくれん？"
"29","酢目当てで来る人も多いがよ。使うたら分かるがよ。 気になったら声かけてよ。"
"78","りんごはここがいちばんやき。手元に置いたら嬉しなるき。 一回のぞいてみいや。"
"298","この辺で塩言うたらここやき。こだわりが見える品やき。 見たら分かるき。"
"3","この店の包丁は、手間かけちゅうのが分かるき。 ついでに寄ってみいや。"
"106","この辺でしょうゆ言うたらここやき。今日は出来がえい日やき。 外せんきね。 見たら思わず手が伸びるがよ。"
"250","ここの団子、手元に置いたら嬉しなるき。 気になったら声かけてよ。"
"20","今週はピアスがよう出ちゅう。気負わず使えるのがえい。 外せんきね。"
"286","スコップ、見たら気分が上がるで。仕上げがきれいに出ちゅう。 外せんきね。 毎回ちょっと覗きたくなる店よ。"
"259","あら、ここのお店、最近行ってないねぇ。今日は何が出ちゅうか、ちょっと見てきてくれん？"
"243","焼き芋ひとつで印象変わるき。ひと目で惚れる人が多いき。 外せんきね。"
"291","まず酢から見てみいや。手に取った時がえいき。 ついでに寄ってみいや。 えいもんが揃っちゅうき。"
"156","佐野のお店のイヤリングは評判やきね。普段使いにちょうどえい。 こりゃおすすめやき。 一度買うたらまた来とうなるき。"
"16","たこ焼きはここがいちばんやき。実物見ると印象変わるき。 のぞくだけでも楽しいき。"
"93","あら、ここのお店、最近行ってないねぇ。今日は何が出ちゅうか、ちょっと見てきてくれん？"
"54","苗木、見たら気分が上がるで。こだわりが見える品やき。 手に取ってみてよ。"
"119","染物、見たら気分が上がるで。ひとつあると安心やき。 のぞくだけでも楽しいき。 一度買うたらまた来とうなるき。"
"269","このガラス細工、作りが丁寧やき。 のぞくだけでも楽しいき。"
"211","今日は苗木をのぞいていきや。色味がよう出ちゅう。 見たら分かるき。"
"181","ここでのこぎりを選んだら外さんき。普段使いにちょうどえい。 今日は寄ってみいや。"
"50","迷うたら玉ねぎやね。持った感じが軽うてえい。 こりゃおすすめやき。"
"154","あら、ここのお店、最近行ってないねぇ。今日は何が出ちゅうか、ちょっと見てきてくれん？"
"88","あら、ここのお店、最近行ってないねぇ。今日は何が出ちゅうか、ちょっと見てきてくれん？"
"135","あら、ここのお店、最近行ってないねぇ。今日は何が出ちゅうか、ちょっと見てきてくれん？"
"204","花の苗目当てで来る人も多いがよ。一回試してみると分かるき。 こりゃおすすめやき。 ここは外さんと損やき。"
"261","ブレスレットブローチのブローチは評判やきね。見た目と手触りが違うき。 のぞくだけでも楽しいき。"
"46","ちょいと布巾見ていきや。ひと目で惚れる人が多いき。 こりゃおすすめやき。 見たら思わず手が伸びるがよ。"
"158","ちょいときゅうり見ていきや。家にあると助かるき。 一回のぞいてみいや。 毎回ちょっと覗きたくなる店よ。"
"207","じゃがいもはここがいちばんやき。今朝見たとき一番えかったき。 のぞくだけでも楽しいき。"
"99","えいしょうゆが揃うちゅう。手に取った時がえいき。 ついでに寄ってみいや。 毎回ちょっと覗きたくなる店よ。"
"131","ここで多肉植物を選んだら外さんき。気負わず使えるのがえい。 ついでに寄ってみいや。 毎回ちょっと覗きたくなる店よ。"
"253","今日はトマト苗がえい日よ。ひと目で惚れる人が多いき。 あれこれ見てみいや。 ここは外さんと損やき。"
"195","あら、ここのお店、最近行ってないねぇ。今日は何が出ちゅうか、ちょっと見てきてくれん？"
"31","ここ来たらのこぎりは外せん。使うたら分かるがよ。 気になったら声かけてよ。"
"58","おにぎり目当てで来る人も多いがよ。作りが丁寧やき。 こりゃおすすめやき。 これ目当てに来る人がおるで。"
"100","ここでお菓子を選んだら外さんき。こだわりが見える品やき。 手に取ってみてよ。"
"267","迷うたら観葉植物やね。実物見ると印象変わるき。 ついでに寄ってみいや。 毎回ちょっと覗きたくなる店よ。"
"265","迷うたらスコップやね。色味がよう出ちゅう。 今日は寄ってみいや。"
"263","ここでレタスを選んだら外さんき。一回試してみると分かるき。 見たら分かるき。 よう評判が立ちゅうきね。"
"103","えい観葉植物が揃うちゅう。普段使いにちょうどえい。 見たら分かるき。 えいもんが揃っちゅうき。"
"237","ここのナイフ、家にあると助かるき。 のぞくだけでも楽しいき。 毎回ちょっと覗きたくなる店よ。"
"240","アクセサリーブローチのブレスレットは評判やきね。手に取った時がえいき。 一回のぞいてみいや。 おばあが今いちばん推す店よ。"
"254","この店の推しはかんざし。使うたら分かるがよ。 外せんきね。 よう評判が立ちゅうきね。"
"174","この辺で彫刻刀言うたらここやき。仕上げがきれいに出ちゅう。 手に取ってみてよ。"
"26","観葉植物、見たら気分が上がるで。手元に置いたら嬉しなるき。 今日は寄ってみいや。 朝いちに寄る人も多いき。"
"52","ここでドライバーを選んだら外さんき。扱いやすいがよ。 今日は寄ってみいや。 これ目当てに来る人がおるで。"
"17","今日はナイフがえい日よ。ひとつあると安心やき。 のぞくだけでも楽しいき。 見たら思わず手が伸びるがよ。"
"212","ブローチはここがいちばんやき。気負わず使えるのがえい。 一回のぞいてみいや。 毎回ちょっと覗きたくなる店よ。"
"182","迷うたら弁当箱やね。一回試してみると分かるき。 今日は寄ってみいや。 最近は特に人気やきね。"
"284","まずきゅうりから見てみいや。今朝見たとき一番えかったき。 一回のぞいてみいや。 えいもんが揃っちゅうき。"
"229","団子はここがいちばんやき。ひと目で惚れる人が多いき。 あれこれ見てみいや。 朝いちに寄る人も多いき。"
"208","この辺でいも天言うたらここやき。こだわりが見える品やき。 手に取ってみてよ。 見たら思わず手が伸びるがよ。"
"114","今日はたこ焼きをのぞいていきや。今日は出来がえい日やき。 ついでに寄ってみいや。"
"203","今日はかごがえい日よ。一回試してみると分かるき。 一回のぞいてみいや。"
"183","ハーブひとつで印象変わるき。家にあると助かるき。 ついでに寄ってみいや。"
"47","あら、ここのお店、最近行ってないねぇ。今日は何が出ちゅうか、ちょっと見てきてくれん？"
"222","この店のおはぎは、実物見ると印象変わるき。 のぞくだけでも楽しいき。 最近は特に人気やきね。"
"246","今日は肥料をのぞいていきや。普段使いにちょうどえい。 気になったら声かけてよ。"
"287","ちょいと弁当箱見ていきや。家にあると助かるき。 気になったら声かけてよ。"
"41","この店の推しはかんざし。作りが丁寧やき。 のぞくだけでも楽しいき。 一度買うたらまた来とうなるき。"
"77","迷うたら革製品やね。手間かけちゅうのが分かるき。 一回のぞいてみいや。 一度買うたらまた来とうなるき。"
"241","あら、ここのお店、最近行ってないねぇ。今日は何が出ちゅうか、ちょっと見てきてくれん？"
"67","弁当箱ひとつで印象変わるき。作りが丁寧やき。 ついでに寄ってみいや。 えいもんが揃っちゅうき。"
"153","えい剪定鋏が揃うちゅう。手間かけちゅうのが分かるき。 今日は寄ってみいや。"
"270","ここでバナナを選んだら外さんき。使うたら分かるがよ。 こりゃおすすめやき。"
"260","ここ来たら観葉植物は外せん。手間かけちゅうのが分かるき。 のぞくだけでも楽しいき。"
"268","この店の推しはかんざし。色味がよう出ちゅう。 気になったら声かけてよ。 よう評判が立ちゅうきね。"
"172","この辺で味噌言うたらここやき。扱いやすいがよ。 気になったら声かけてよ。"
"111","ここでイヤリングを選んだら外さんき。仕上げがきれいに出ちゅう。 こりゃおすすめやき。"
"138","この店の推しは多肉植物。手間かけちゅうのが分かるき。 外せんきね。"
"218","あら、ここのお店、最近行ってないねぇ。今日は何が出ちゅうか、ちょっと見てきてくれん？"
"280","この辺でタオル言うたらここやき。持った感じが軽うてえい。 一回のぞいてみいや。"
"44","パン目当てで来る人も多いがよ。扱いやすいがよ。 あれこれ見てみいや。 おばあが今いちばん推す店よ。"
"140","この店の推しは編み物。こだわりが見える品やき。 外せんきね。"
"194","ちょいといも天見ていきや。ひと目で惚れる人が多いき。 ついでに寄ってみいや。 これ目当てに来る人がおるで。"
"32","弁当箱はここがいちばんやき。作りが丁寧やき。 こりゃおすすめやき。 見たら思わず手が伸びるがよ。"
"282","この店の推しはアクセサリー。持った感じが軽うてえい。 一回のぞいてみいや。"
"33","まず観葉植物から見てみいや。今朝見たとき一番えかったき。 こりゃおすすめやき。 おばあが今いちばん推す店よ。"
"245","あら、ここのお店、最近行ってないねぇ。今日は何が出ちゅうか、ちょっと見てきてくれん？"
"80","この辺で包丁言うたらここやき。手元に置いたら嬉しなるき。 こりゃおすすめやき。 よう評判が立ちゅうきね。"
"210","今日はタオルをのぞいていきや。扱いやすいがよ。 あれこれ見てみいや。"
"244","ここ来たらナイフは外せん。実物見ると印象変わるき。 こりゃおすすめやき。"
"39","ざるはここがいちばんやき。今朝見たとき一番えかったき。 一回のぞいてみいや。 えいもんが揃っちゅうき。"
"221","あら、ここのお店、最近行ってないねぇ。今日は何が出ちゅうか、ちょっと見てきてくれん？"
"147","えい編み物が揃うちゅう。見た目と手触りが違うき。 のぞくだけでも楽しいき。"
"75","この植木鉢、持った感じが軽うてえい。 外せんきね。 よう評判が立ちゅうきね。"
"126","迷うたらガラス細工やね。見た目と手触りが違うき。 外せんきね。 見たら思わず手が伸びるがよ。"
"101","ドライバーひとつで印象変わるき。実物見ると印象変わるき。 ついでに寄ってみいや。 一度買うたらまた来とうなるき。"
"235","まずぶどうから見てみいや。今日は出来がえい日やき。 外せんきね。"
"34","指輪目当てで来る人も多いがよ。使うたら分かるがよ。 外せんきね。 よう評判が立ちゅうきね。"
"215","団子のたよりのアイスクリームは評判やきね。作りが丁寧やき。 あれこれ見てみいや。 一度買うたらまた来とうなるき。"
"279","あら、ここのお店、最近行ってないねぇ。今日は何が出ちゅうか、ちょっと見てきてくれん？"
"258","この店の剪定鋏は、こだわりが見える品やき。 外せんきね。"
"197","まずハーブから見てみいや。持った感じが軽うてえい。 ついでに寄ってみいや。"
"185","この竹細工、気負わず使えるのがえい。 ついでに寄ってみいや。 毎回ちょっと覗きたくなる店よ。"
"76","ここのアクセサリー、気負わず使えるのがえい。 こりゃおすすめやき。 見たら思わず手が伸びるがよ。"
"9","今日はアイスクリームがえい日よ。使うたら分かるがよ。 一回のぞいてみいや。 最近は特に人気やきね。"
"290","刺繍目当てで来る人も多いがよ。見た目と手触りが違うき。 一回のぞいてみいや。"
"283","ここ来たら編み物は外せん。普段使いにちょうどえい。 今日は寄ってみいや。"
"164","この店の推しは編み物。使うたら分かるがよ。 一回のぞいてみいや。"
"157","この店の刺繍は、作りが丁寧やき。 外せんきね。"
"115","今週はスコップがよう出ちゅう。一回試してみると分かるき。 手に取ってみてよ。"
"277","山崎のお店のぶどうは評判やきね。実物見ると印象変わるき。 外せんきね。"
"145","この店の肥料は、こだわりが見える品やき。 あれこれ見てみいや。 これ目当てに来る人がおるで。"
"170","あら、ここのお店、最近行ってないねぇ。今日は何が出ちゅうか、ちょっと見てきてくれん？"
"192","竹細工はここがいちばんやき。気負わず使えるのがえい。 今日は寄ってみいや。 おばあが今いちばん推す店よ。"
"40","観葉植物ひとつで印象変わるき。ひとつあると安心やき。 あれこれ見てみいや。"
"125","ヘアピンひとつで印象変わるき。作りが丁寧やき。 こりゃおすすめやき。 これ目当てに来る人がおるで。"
"57","玉ねぎ目当てで来る人も多いがよ。持った感じが軽うてえい。 手に取ってみてよ。 おばあが今いちばん推す店よ。"
"10","この店の包丁は、普段使いにちょうどえい。 ついでに寄ってみいや。"
"71","ちょいと油見ていきや。色味がよう出ちゅう。 見たら分かるき。"
"11","ここの布巾、ひと目で惚れる人が多いき。 外せんきね。 えいもんが揃っちゅうき。"
"7","あら、ここのお店、最近行ってないねぇ。今日は何が出ちゅうか、ちょっと見てきてくれん？"
"219","ネックレスはここがいちばんやき。家にあると助かるき。 あれこれ見てみいや。"
"68","迷うたら球根やね。手間かけちゅうのが分かるき。 外せんきね。"
"213","あら、ここのお店、最近行ってないねぇ。今日は何が出ちゅうか、ちょっと見てきてくれん？"
"257","えいお菓子が揃うちゅう。普段使いにちょうどえい。 のぞくだけでも楽しいき。"
"233","あら、ここのお店、最近行ってないねぇ。今日は何が出ちゅうか、ちょっと見てきてくれん？"
"200","あら、ここのお店、最近行ってないねぇ。今日は何が出ちゅうか、ちょっと見てきてくれん？"
"96","今日は肥料がえい日よ。一回試してみると分かるき。 気になったら声かけてよ。 毎回ちょっと覗きたくなる店よ。"
"232","植木鉢なら間違いない店よ。今日は出来がえい日やき。 ついでに寄ってみいや。 最近は特に人気やきね。"
"198","チャーム、見たら気分が上がるで。ひとつあると安心やき。 こりゃおすすめやき。"
"193","迷うたらぶどうやね。仕上げがきれいに出ちゅう。 ついでに寄ってみいや。 これ目当てに来る人がおるで。"
"59","この辺で鎌言うたらここやき。手元に置いたら嬉しなるき。 見たら分かるき。"
"264","おにぎりのひとくち本舗のお餅は評判やきね。使うたら分かるがよ。 外せんきね。 見たら思わず手が伸びるがよ。"
"142","おにぎり目当てで来る人も多いがよ。仕上げがきれいに出ちゅう。 のぞくだけでも楽しいき。 毎回ちょっと覗きたくなる店よ。"
"262","この辺で絵画言うたらここやき。仕上げがきれいに出ちゅう。 見たら分かるき。"
"53","今日はかごをのぞいていきや。扱いやすいがよ。 見たら分かるき。 ここは外さんと損やき。"
"81","この店のタオルは、使うたら分かるがよ。 見たら分かるき。"
"89","ここで植木鉢を選んだら外さんき。仕上げがきれいに出ちゅう。 一回のぞいてみいや。"
"251","この店の推しは彫刻刀。見た目と手触りが違うき。 あれこれ見てみいや。"
"285","おはぎはここがいちばんやき。こだわりが見える品やき。 ついでに寄ってみいや。 おばあが今いちばん推す店よ。"
"247","このピアス、家にあると助かるき。 今日は寄ってみいや。"
"168","お箸、見たら気分が上がるで。仕上げがきれいに出ちゅう。 一回のぞいてみいや。"
"161","食器目当てで来る人も多いがよ。気負わず使えるのがえい。 ついでに寄ってみいや。"
"45","えい彫刻刀が揃うちゅう。手に取った時がえいき。 あれこれ見てみいや。 よう評判が立ちゅうきね。"
"178","この店の推しは和紙。手に取った時がえいき。 のぞくだけでも楽しいき。"
"102","お箸ひとつで印象変わるき。今日は出来がえい日やき。 外せんきね。 えいもんが揃っちゅうき。"
"22","しょうゆ、見たら気分が上がるで。一回試してみると分かるき。 のぞくだけでも楽しいき。 えいもんが揃っちゅうき。"
"104","この指輪、色味がよう出ちゅう。 のぞくだけでも楽しいき。 おばあが今いちばん推す店よ。"
"79","この店のお弁当は、家にあると助かるき。 のぞくだけでも楽しいき。 おばあが今いちばん推す店よ。"
"12","この辺で植木鉢言うたらここやき。普段使いにちょうどえい。 見たら分かるき。 よう評判が立ちゅうきね。"
"60","このざる、手間かけちゅうのが分かるき。 ついでに寄ってみいや。 一度買うたらまた来とうなるき。"
"124","花の苗園本舗の花の苗は評判やきね。実物見ると印象変わるき。 今日は寄ってみいや。 よう評判が立ちゅうきね。"
"155","この苗木、今朝見たとき一番えかったき。 あれこれ見てみいや。"
"160","のこぎりはここがいちばんやき。見た目と手触りが違うき。 あれこれ見てみいや。"
"141","迷うたらしょうゆやね。ひと目で惚れる人が多いき。 手に取ってみてよ。 最近は特に人気やきね。"
"42","まず絵画から見てみいや。実物見ると印象変わるき。 こりゃおすすめやき。 最近は特に人気やきね。"
"130","石鹸、見たら気分が上がるで。今日は出来がえい日やき。 こりゃおすすめやき。 最近は特に人気やきね。"
"190","ここ来たら観葉植物は外せん。手間かけちゅうのが分かるき。 気になったら声かけてよ。 一度買うたらまた来とうなるき。"
"223","鎌なら間違いない店よ。気負わず使えるのがえい。 外せんきね。"
"289","まずチャームから見てみいや。ひとつあると安心やき。 気になったら声かけてよ。"
"216","えいスコップが揃うちゅう。色味がよう出ちゅう。 手に取ってみてよ。 ここは外さんと損やき。"
"85","ここでりんごを選んだら外さんき。作りが丁寧やき。 こりゃおすすめやき。"
"48","今週はヘアピンがよう出ちゅう。今朝見たとき一番えかったき。 こりゃおすすめやき。 おばあが今いちばん推す店よ。"
"159","お菓子はここがいちばんやき。一回試してみると分かるき。 外せんきね。 一度買うたらまた来とうなるき。"
"294","ここ来たらお箸は外せん。気負わず使えるのがえい。 のぞくだけでも楽しいき。 えいもんが揃っちゅうき。"
"255","この店の木工品は、今朝見たとき一番えかったき。 外せんきね。 ここは外さんと損やき。"
"278","あら、ここのお店、最近行ってないねぇ。今日は何が出ちゅうか、ちょっと見てきてくれん？"
"271","この店の推しはおにぎり。今朝見たとき一番えかったき。 ついでに寄ってみいや。"
"63","ここの編み物、作りが丁寧やき。 あれこれ見てみいや。"
"220","あら、ここのお店、最近行ってないねぇ。今日は何が出ちゅうか、ちょっと見てきてくれん？"
"69","この辺でアクセサリー言うたらここやき。持った感じが軽うてえい。 見たら分かるき。 これ目当てに来る人がおるで。"
"275","まずチャームから見てみいや。扱いやすいがよ。 のぞくだけでも楽しいき。 ここは外さんと損やき。"
"51","おにぎりひとつで印象変わるき。一回試してみると分かるき。 こりゃおすすめやき。"
"30","今日はお餅をのぞいていきや。今日は出来がえい日やき。 のぞくだけでも楽しいき。 朝いちに寄る人も多いき。"
"2","ちょいといも天見ていきや。仕上げがきれいに出ちゅう。 ついでに寄ってみいや。"
"196","ここで竹製品を選んだら外さんき。気負わず使えるのがえい。 ついでに寄ってみいや。"
"273","ここのざる、作りが丁寧やき。 のぞくだけでも楽しいき。"
"123","食器ひとつで印象変わるき。使うたら分かるがよ。 見たら分かるき。"
"205","かんざしひとつで印象変わるき。こだわりが見える品やき。 見たら分かるき。"
"209","えい剪定鋏が揃うちゅう。扱いやすいがよ。 のぞくだけでも楽しいき。"
"87","ここでのこぎりを選んだら外さんき。持った感じが軽うてえい。 外せんきね。"
"139","この店のイヤリングは、実物見ると印象変わるき。 一回のぞいてみいや。 えいもんが揃っちゅうき。"
"108","ちょいと彫刻刀見ていきや。実物見ると印象変わるき。 気になったら声かけてよ。 最近は特に人気やきね。"
"19","あら、ここのお店、最近行ってないねぇ。今日は何が出ちゅうか、ちょっと見てきてくれん？"
"64","酢、見たら気分が上がるで。実物見ると印象変わるき。 今日は寄ってみいや。"
"74","この弁当箱、色味がよう出ちゅう。 のぞくだけでも楽しいき。 ここは外さんと損やき。"
"274","迷うたら花の苗やね。今朝見たとき一番えかったき。 今日は寄ってみいや。 一度買うたらまた来とうなるき。"
"206","ここ来たら編み物は外せん。作りが丁寧やき。 手に取ってみてよ。"
"151","えい梨が揃うちゅう。普段使いにちょうどえい。 一回のぞいてみいや。 ここは外さんと損やき。"
"23","団子、見たら気分が上がるで。色味がよう出ちゅう。 外せんきね。 見たら思わず手が伸びるがよ。"
"300","あら、ここのお店、最近行ってないねぇ。今日は何が出ちゅうか、ちょっと見てきてくれん？"
"227","木工品工房の編み物は評判やきね。こだわりが見える品やき。 一回のぞいてみいや。 ここは外さんと損やき。"
"56","今日は陶器をのぞいていきや。手に取った時がえいき。 あれこれ見てみいや。 えいもんが揃っちゅうき。"
"91","この店の革製品は、ひとつあると安心やき。 見たら分かるき。"
"150","堅実包丁舗本舗のはさみは評判やきね。手間かけちゅうのが分かるき。 気になったら声かけてよ。"
"146","ピアス目当てで来る人も多いがよ。気負わず使えるのがえい。 外せんきね。 よう評判が立ちゅうきね。"
"175","あら、ここのお店、最近行ってないねぇ。今日は何が出ちゅうか、ちょっと見てきてくれん？"
"117","この店の花の苗は、手間かけちゅうのが分かるき。 気になったら声かけてよ。 おばあが今いちばん推す店よ。"
"38","あら、ここのお店、最近行ってないねぇ。今日は何が出ちゅうか、ちょっと見てきてくれん？"
"4","えいタオルが揃うちゅう。家にあると助かるき。 今日は寄ってみいや。 これ目当てに来る人がおるで。"
"21","ここの編み物、仕上げがきれいに出ちゅう。 のぞくだけでも楽しいき。 最近は特に人気やきね。"
"236","この店の推しはたこ焼き。扱いやすいがよ。 あれこれ見てみいや。 おばあが今いちばん推す店よ。"
"293","包丁なら間違いない店よ。持った感じが軽うてえい。 あれこれ見てみいや。 見たら思わず手が伸びるがよ。"
"129","この店のドライバーは、普段使いにちょうどえい。 今日は寄ってみいや。 最近は特に人気やきね。"
"173","まずパンから見てみいや。持った感じが軽うてえい。 一回のぞいてみいや。 おばあが今いちばん推す店よ。"
"36","レタスはここがいちばんやき。ひとつあると安心やき。 今日は寄ってみいや。"
"201","まずアイスクリームから見てみいや。一回試してみると分かるき。 手に取ってみてよ。"
"107","ここのパン、気負わず使えるのがえい。 気になったら声かけてよ。"
"109","今日はかごがえい日よ。家にあると助かるき。 こりゃおすすめやき。 ここは外さんと損やき。"
"148","しょうゆなら間違いない店よ。一回試してみると分かるき。 のぞくだけでも楽しいき。 朝いちに寄る人も多いき。"
"165","ここで味噌を選んだら外さんき。仕上げがきれいに出ちゅう。 手に取ってみてよ。 朝いちに寄る人も多いき。"
"176","えい植木鉢が揃うちゅう。普段使いにちょうどえい。 ついでに寄ってみいや。"
"239","トマト苗はここがいちばんやき。見た目と手触りが違うき。 こりゃおすすめやき。"
"299","あら、ここのお店、最近行ってないねぇ。今日は何が出ちゅうか、ちょっと見てきてくれん？"
"116","この辺でざる言うたらここやき。手元に置いたら嬉しなるき。 あれこれ見てみいや。 一度買うたらまた来とうなるき。"
"202","剪定鋏はここがいちばんやき。気負わず使えるのがえい。 のぞくだけでも楽しいき。"
"228","あら、ここのお店、最近行ってないねぇ。今日は何が出ちゅうか、ちょっと見てきてくれん？"
"238","この辺で弁当箱言うたらここやき。今日は出来がえい日やき。 気になったら声かけてよ。"
"230","包丁目当てで来る人も多いがよ。気負わず使えるのがえい。 のぞくだけでも楽しいき。"
"297","えい染物が揃うちゅう。色味がよう出ちゅう。 一回のぞいてみいや。"
"120","土佐レタス便屋のにんじんは評判やきね。作りが丁寧やき。 外せんきね。"
"177","ピアスブローチのブレスレットは評判やきね。こだわりが見える品やき。 一回のぞいてみいや。 よう評判が立ちゅうきね。"
"1","このりんご、普段使いにちょうどえい。 のぞくだけでも楽しいき。"
"169","この店のトマト苗は、手元に置いたら嬉しなるき。 ついでに寄ってみいや。 おばあが今いちばん推す店よ。"
"231","この辺で食器言うたらここやき。持った感じが軽うてえい。 気になったら声かけてよ。 よう評判が立ちゅうきね。"
"8","ここ来たらきゅうりは外せん。一回試してみると分かるき。 見たら分かるき。 よう評判が立ちゅうきね。"
"137","ここのタオル、扱いやすいがよ。 あれこれ見てみいや。"
"180","この店の推しはパン。持った感じが軽うてえい。 一回のぞいてみいや。"
"224","迷うたら食器やね。ひと目で惚れる人が多いき。 あれこれ見てみいや。 見たら思わず手が伸びるがよ。"
"97","ここ来たらピアスは外せん。今日は出来がえい日やき。 今日は寄ってみいや。"
"171","この店の推しは刺繍。仕上げがきれいに出ちゅう。 のぞくだけでも楽しいき。 見たら思わず手が伸びるがよ。"
"55","イヤリング、見たら気分が上がるで。見た目と手触りが違うき。 気になったら声かけてよ。 これ目当てに来る人がおるで。"
"167","この店の推しははさみ。扱いやすいがよ。 のぞくだけでも楽しいき。"
"242","この店のぶどうは、扱いやすいがよ。 外せんきね。 これ目当てに来る人がおるで。"
"292","いも天、見たら気分が上がるで。見た目と手触りが違うき。 一回のぞいてみいや。 ここは外さんと損やき。"
"162","肥料なら間違いない店よ。普段使いにちょうどえい。 今日は寄ってみいや。"
"25","ここ来たら竹製品は外せん。一回試してみると分かるき。 のぞくだけでも楽しいき。 見たら思わず手が伸びるがよ。"
"234","刺繍目当てで来る人も多いがよ。ひと目で惚れる人が多いき。 今日は寄ってみいや。"
"121","ここでパンを選んだら外さんき。ひと目で惚れる人が多いき。 今日は寄ってみいや。"
"118","指輪ひとつで印象変わるき。扱いやすいがよ。 見たら分かるき。"
"134","じゃがいもなら間違いない店よ。手間かけちゅうのが分かるき。 のぞくだけでも楽しいき。 おばあが今いちばん推す店よ。"
"127","この店の推しはなす。使うたら分かるがよ。 一回のぞいてみいや。 一度買うたらまた来とうなるき。"
"49","この店の推しは和紙。使うたら分かるがよ。 こりゃおすすめやき。"
"184","えいブレスレットが揃うちゅう。今日は出来がえい日やき。 外せんきね。 毎回ちょっと覗きたくなる店よ。"
"13","今日はチャームをのぞいていきや。実物見ると印象変わるき。 見たら分かるき。"
"24","この鎌、使うたら分かるがよ。 今日は寄ってみいや。"
"66","えいはさみが揃うちゅう。家にあると助かるき。 気になったら声かけてよ。 最近は特に人気やきね。"
"110","ちょいとハーブ見ていきや。手間かけちゅうのが分かるき。 あれこれ見てみいや。"
"266","暮らしの竹製品屋のざるは評判やきね。作りが丁寧やき。 今日は寄ってみいや。"
"163","迷うたらピアスやね。作りが丁寧やき。 外せんきね。 一度買うたらまた来とうなるき。"
"186","レタス目当てで来る人も多いがよ。こだわりが見える品やき。 今日は寄ってみいや。"
"199","ここで陶器を選んだら外さんき。手間かけちゅうのが分かるき。 外せんきね。 見たら思わず手が伸びるがよ。"
"5","この辺で苗木言うたらここやき。家にあると助かるき。 一回のぞいてみいや。"
"122","あら、ここのお店、最近行ってないねぇ。今日は何が出ちゅうか、ちょっと見てきてくれん？"
"166","えいお餅が揃うちゅう。普段使いにちょうどえい。 見たら分かるき。 朝いちに寄る人も多いき。"
"73","はさみ目当てで来る人も多いがよ。今日は出来がえい日やき。 こりゃおすすめやき。"
"95","ここの布巾、今朝見たとき一番えかったき。 のぞくだけでも楽しいき。"
"61","苗木目当てで来る人も多いがよ。見た目と手触りが違うき。 手に取ってみてよ。"
"248","革製品、見たら気分が上がるで。今朝見たとき一番えかったき。 のぞくだけでも楽しいき。"
"272","この店の推しはドライバー。ひとつあると安心やき。 こりゃおすすめやき。"
"281","今週は苗木がよう出ちゅう。手元に置いたら嬉しなるき。 ついでに寄ってみいや。"
"249","ここ来たら玉ねぎは外せん。手に取った時がえいき。 あれこれ見てみいや。 一度買うたらまた来とうなるき。"
"112","竹細工はここがいちばんやき。実物見ると印象変わるき。 ついでに寄ってみいや。 おばあが今いちばん推す店よ。"
"37","あら、ここのお店、最近行ってないねぇ。今日は何が出ちゅうか、ちょっと見てきてくれん？"
"90","ここのアクセサリー、ひと目で惚れる人が多いき。 一回のぞいてみいや。"
"92","この店の梨は、一回試してみると分かるき。 見たら分かるき。"
"152","あら、ここのお店、最近行ってないねぇ。今日は何が出ちゅうか、ちょっと見てきてくれん？"
"27","ネックレスなら間違いない店よ。今日は出来がえい日やき。 気になったら声かけてよ。"
"43","ここ来たらバナナは外せん。今日は出来がえい日やき。 のぞくだけでも楽しいき。"
"113","油ひとつで印象変わるき。扱いやすいがよ。 一回のぞいてみいや。 一度買うたらまた来とうなるき。"
"179","ここのみかん、家にあると助かるき。 あれこれ見てみいや。 これ目当てに来る人がおるで。"
"191","このブローチ、仕上げがきれいに出ちゅう。 こりゃおすすめやき。"
"82","種の庭本舗の球根は評判やきね。ひとつあると安心やき。 手に取ってみてよ。"
"83","ちょいとアクセサリー見ていきや。普段使いにちょうどえい。 あれこれ見てみいや。"
"14","ちょいと染物見ていきや。普段使いにちょうどえい。 こりゃおすすめやき。 見たら思わず手が伸びるがよ。"
"18","この店の推しは食器。今朝見たとき一番えかったき。 一回のぞいてみいや。"
"84","染物ひとつで印象変わるき。手間かけちゅうのが分かるき。 見たら分かるき。"
"217","えい食器が揃うちゅう。今日は出来がえい日やき。 こりゃおすすめやき。"
"276","今日はガラス細工がえい日よ。仕上げがきれいに出ちゅう。 気になったら声かけてよ。"
"70","この辺で木工品言うたらここやき。ひと目で惚れる人が多いき。 見たら分かるき。 朝いちに寄る人も多いき。"
"214","あら、ここのお店、最近行ってないねぇ。今日は何が出ちゅうか、ちょっと見てきてくれん？"
"128","ここ来たらいも天は外せん。手元に置いたら嬉しなるき。 見たら分かるき。"
"65","いも天目当てで来る人も多いがよ。家にあると助かるき。 外せんきね。 毎回ちょっと覗きたくなる店よ。"
"15","今日はじゃがいもがえい日よ。手に取った時がえいき。 あれこれ見てみいや。"
"98","ここで竹細工を選んだら外さんき。持った感じが軽うてえい。 こりゃおすすめやき。"
"295","迷うたらハーブやね。持った感じが軽うてえい。 見たら分かるき。"
"189","道具の弁当箱本舗のざるは評判やきね。見た目と手触りが違うき。 一回のぞいてみいや。 一度買うたらまた来とうなるき。"
"105","ガラス細工、見たら気分が上がるで。手間かけちゅうのが分かるき。 ついでに寄ってみいや。"
"252","この店の推しは弁当箱。家にあると助かるき。 のぞくだけでも楽しいき。"
"72","今日はアイスクリームがえい日よ。今朝見たとき一番えかったき。 今日は寄ってみいや。"
"62","ブローチはここがいちばんやき。使うたら分かるがよ。 今日は寄ってみいや。 一度買うたらまた来とうなるき。"
"296","迷うたらアクセサリーやね。今日は出来がえい日やき。 こりゃおすすめやき。 えいもんが揃っちゅうき。"
"35","まず陶器から見てみいや。使うたら分かるがよ。 こりゃおすすめやき。 ここは外さんと損やき。"
"136","今日は剪定鋏をのぞいていきや。扱いやすいがよ。 今日は寄ってみいや。"
"188","今日は彫刻刀がえい日よ。気負わず使えるのがえい。 ついでに寄ってみいや。 おばあが今いちばん推す店よ。"
"225","苗木園の肥料は評判やきね。見た目と手触りが違うき。 今日は寄ってみいや。"
"132","まずチャームから見てみいや。色味がよう出ちゅう。 のぞくだけでも楽しいき。"
"6","えいイヤリングが揃うちゅう。手元に置いたら嬉しなるき。 手に取ってみてよ。 えいもんが揃っちゅうき。"
"133","ちょいと染物見ていきや。仕上げがきれいに出ちゅう。 のぞくだけでも楽しいき。 一度買うたらまた来とうなるき。"
"226","イヤリング、見たら気分が上がるで。扱いやすいがよ。 手に取ってみてよ。 最近は特に人気やきね。"
"143","今週は剪定鋏がよう出ちゅう。扱いやすいがよ。 見たら分かるき。"
"86","ほっこり焼き芋亭のおはぎは評判やきね。手元に置いたら嬉しなるき。 今日は寄ってみいや。"
"149","この店の推しはアイスクリーム。普段使いにちょうどえい。 今日は寄ってみいや。 朝いちに寄る人も多いき。"
